{
  "rosesplace": [
    {
      "id": 81,
      "name": "Magnemite",
      "sprite": "https://raw.githubusercontent.com/PokeAPI/sprites/master/sprites/pokemon/81.png"
    },
    {
      "id": 1,
      "name": "Bulbasaur",
      "sprite": "https://raw.githubusercontent.com/PokeAPI/sprites/master/sprites/pokemon/1.png"
    },
    {
      "id": 2,
      "name": "Ivysaur",
      "sprite": "https://raw.githubusercontent.com/PokeAPI/sprites/master/sprites/pokemon/2.png"
    },
    {
      "id": 360,
      "name": "Wynaut",
      "sprite": "https://raw.githubusercontent.com/PokeAPI/sprites/master/sprites/pokemon/360.png"
    },
    {
      "id": 502,
      "name": "Dewott",
      "sprite": "https://raw.githubusercontent.com/PokeAPI/sprites/master/sprites/pokemon/502.png"
    },
    {
      "id": 789,
      "name": "Cosmog",
      "sprite": "https://raw.githubusercontent.com/PokeAPI/sprites/master/sprites/pokemon/789.png"
    },
    {
      "id": 426,
      "name": "Drifblim",
      "sprite": "https://raw.githubusercontent.com/PokeAPI/sprites/master/sprites/pokemon/426.png"
    },
    {
      "id": 146,
      "name": "Moltres",
      "sprite": "https://raw.githubusercontent.com/PokeAPI/sprites/master/sprites/pokemon/146.png"
    },
    {
      "id": 674,
      "name": "Pancham",
      "sprite": "https://raw.githubusercontent.com/PokeAPI/sprites/master/sprites/pokemon/674.png"
    },
    {
      "id": 521,
      "name": "Unfezant",
      "sprite": "https://raw.githubusercontent.com/PokeAPI/sprites/master/sprites/pokemon/521.png"
    }
  ]
}